{"cameraMode":{"drawMode":0,"name":"Shaded","section":"Shading Mode"},"sceneLighting":true,"audioPlay":false,"sceneViewState":{"showFog":true,"showMaterialUpdate":true,"showSkybox":true,"showFlares":true,"showImageEffects":true,"showParticleSystems":true},"in2DMode":false,"pivot":{"x":8.447513580322266,"y":-2.9542407989501955,"z":-0.06068706512451172},"rotation":{"x":0.06407386064529419,"y":0.9032114744186401,"z":-0.39881864190101626,"w":0.14511258900165559},"size":10.0,"orthographic":false}