{"cameraMode":{"drawMode":0,"name":"Shaded","section":"Shading Mode"},"sceneLighting":false,"audioPlay":false,"sceneViewState":{"showFog":true,"showMaterialUpdate":false,"showSkybox":true,"showFlares":true,"showImageEffects":true,"showParticleSystems":true},"in2DMode":false,"pivot":{"x":803.6527099609375,"y":934.3255004882813,"z":899.447265625},"rotation":{"x":0.02339540235698223,"y":-0.007498116232454777,"z":0.00017419629148207605,"w":0.9997006058692932},"size":58.717403411865237,"orthographic":true}