{"cameraMode":{"drawMode":0,"name":"Shaded","section":"Shading Mode"},"sceneLighting":false,"audioPlay":false,"sceneViewState":{"showFog":false,"showMaterialUpdate":false,"showSkybox":true,"showFlares":true,"showImageEffects":true,"showParticleSystems":true},"in2DMode":false,"pivot":{"x":827.738037109375,"y":923.5000610351563,"z":816.7203369140625},"rotation":{"x":0.19225403666496278,"y":0.589582622051239,"z":-0.14709611237049104,"w":0.7705851793289185},"size":98.216552734375,"orthographic":true}